{
    "accuracies": [
        0.3985,
        0.4463,
        0.4904,
        0.5013,
        0.4962,
        0.5084,
        0.5304,
        0.5347,
        0.529,
        0.5532
    ],
    "test_losses": [
        1.6218882354736328,
        1.4952781478881836,
        1.4430461950302125,
        1.3822879388809204,
        1.4034615432739257,
        1.3680828294754028,
        1.3076308752059937,
        1.2877722940444947,
        1.313477243041992,
        1.2401258781433107
    ],
    "train_losses": [
        1.8173873525238038,
        1.5550812767028808,
        1.472569899559021,
        1.41164789768219,
        1.3743477664184571,
        1.341047778263092,
        1.3176818881225585,
        1.3009757943725586,
        1.2917204196548462,
        1.2727254738616944
    ]
}